{
    "attachment_id" : 269,
    "peaks_str" : "1.4625500921555634,8676234#3.2384863329484244,8041158#3.2513200084668856,32991970#3.2638481202825282,34103238#3.268126012122016,53785974#3.270264958041759,51659494#3.279126305423553,51554642#3.2824875061545793,53403320#3.2892099076166303,41164639#3.295932309078683,55495428#3.3145716949507342,18479375#3.395851639900993,18939453#3.414491025773044,56765137#3.421213427235095,41964305#3.427935828697146,53694754#3.4312970294281726,50137387#3.4401583768099684,51863775#3.4422973227297113,50918199#3.446575214569199,31409223#3.45910332638484,31473982#3.471937001903301,7060704#3.61157961409228,2844392#3.6464138762138187,2690797#3.794306708378951,483479532#3.8291409705004895,483233912#3.972144783420493,2430061#5.570548512874632,137978691#6.699911958499275,68723367#6.7109122518008135,4217406#6.720384726588248,79206634#6.965752379953127,40184564#6.970946962901076,45160966#6.9862251480421005,33400923#6.99172529469287,39718720#7.037254286413129,80660566#7.042448869361078,67856030#7.191869520040312,33827702",
    "shift_ref_name" : "Chloroform-d (s)",
    "shift_ref_value" : "7.26",
    "scan" : "nil",
    "thres" : "0.5",
    "integration" : "{\"stack\":[{\"xL\":1.42407837299278,\"xU\":4.672993150528,\"area\":53.232531000000634,\"absoluteArea\":25724340727.846436}],\"refArea\":53.232531000000634,\"refFactor\":1,\"shift\":0,\"edited\":false,\"originStack\":[]}",
    "multiplicity" : "{\"stack\":[{\"peaks\":[{\"x\":3.8291409705004895,\"y\":483233912},{\"x\":3.794306708378951,\"y\":483479532}],\"xExtent\":{\"xL\":1.42407837299278,\"xU\":4.672993150528},\"yExtent\":{\"yL\":243959658.46315062,\"yU\":509760516.0033116},\"mpyType\":\"d\",\"js\":[13.938316932090856]}],\"shift\":0,\"smExtext\":{\"xL\":1.42407837299278,\"xU\":4.672993150528},\"edited\":false}",
    "predict" : "{\"outline\":{},\"output\":{\"result\":[]}}",
    "keep_pred" : false,
    "wave_length" : "{\"name\":\"CuKalpha\",\"value\":0.15406,\"label\":\"Cu K-alpha\",\"unit\":\"nm\"}",
    "cyclicvolta" : "{\"spectraList\":[]}",
    "curve_idx" : 0
}
